ID,servicename,2007/11/1,2007/12/1,2008/1/1,2008/2/1,2008/3/1,2008/4/1,2008/5/1,2008/6/1,2008/7/1,2008/8/1,2008/9/1,2008/10/1,2008/11/1,2008/12/1,2009/1/1,2009/2/1,2009/3/1,2009/4/1,2009/5/1,2009/6/1,2009/7/1,2009/8/1,2009/9/1,2009/10/1,2009/11/1,2009/12/1,2010/1/1,2010/2/1,2010/3/1,2010/4/1,2010/5/1,2010/6/1,2010/7/1,2010/8/1,2010/9/1,2010/10/1,2010/11/1,2010/12/1,2011/1/1,2011/2/1,2011/3/1,2011/4/1,2011/5/1,2011/6/1,2011/7/1,2011/8/1,2011/9/1,2011/10/1,2011/11/1,2011/12/1,2012/1/1,2012/2/1,2012/3/1,2012/4/1,2012/5/1,2012/6/1,2012/7/1,2012/8/1,2012/9/1,2012/10/1,2012/11/1,2012/12/1,2013/1/1,2013/2/1,2013/3/1,2013/4/1,2013/5/1,2013/6/1,2013/7/1,2013/8/1,2013/9/1,2013/10/1,2013/11/1,2013/12/1,2014/1/1,2014/2/1,2014/3/1,2014/4/1,2014/5/1,2014/6/1,2014/7/1,2014/8/1,2014/9/1,2014/10/1,2014/11/1,2014/12/1,2015/1/1,2015/2/1,2015/3/1,2015/4/1,2015/5/1,2015/6/1,2015/7/1,2015/8/1,2015/9/1,2015/10/1,2015/11/1,2015/12/1,2016/1/1,2016/2/1,2016/3/1,2016/4/1,2017/1/1,2018/1/1,2019/1/1,2020/4/1,2020/5/1,2020/6/1,2020/7/1,2020/8/1,2020/9/1,2020/10/1,2020/11/1,2020/12/1,2021/1/1,2021/2/1,2021/3/1,2021/4/1,2021/5/1,2021/6/1,2021/7/1,2021/8/1,2021/9/1,2021/10/1,2021/11/1,2021/12/1,2022/1/1,2022/2/1,2022/3/1,2022/4/1,2022/5/1,2022/6/1,2022/7/1,2022/8/1
1,居宅介護,"88,206","88,941","88,325","88,680","89,379","89,755","90,314","90,741","91,906","91,106","93,194","94,101","94,730","95,813","94,983","95,537","96,955","96,789","97,575","99,044","100,202","99,800","101,269","100,815","101,996","103,467","103,314","103,378","105,787","106,131","107,136","109,027","110,600","110,313","112,176","113,697","115,150","116,523","116,463","117,091","118,547","119,226","120,140","121,670","122,802","123,089","124,524","125,476","126,395","127,714","127,223","127,948","129,434","129,202","130,046","131,512","132,767","132,402","133,746","135,594","136,250","137,047","136,324","136,465","138,390","138,547","139,857","140,474","142,262","141,563","143,028","144,984","145,553","146,404","145,991","145,522","147,280","147,469","148,385","149,070","150,458","149,497","151,527","153,020","152,946","154,463","153,639","153,864","155,787","154,765","155,494","157,351","158,310","157,034","158,904","160,510","160,618","161,783","160,959","161,419","162,892","166,074","172,350","177,642","182,761","179,001","174,310","183,102","185,550","184,195","186,214","188,354","188,068","188,974","186,840","187,090","190,500","190,242","189,287","191,635","192,328","190,614","191,897","194,034","194,492","195,629","193,197","190,753","194,916","194,827","195,320","196,901","196,448","194,525"
2,重度訪問介護,"7,062","7,074","7,018","7,010","7,007","7,043","7,084","7,071","7,103","7,086","7,150","7,170","7,156","7,177","7,097","7,089","7,155","7,013","7,117","7,238","7,283","7,278","7,346","7,306","7,345","7,437","7,434","7,395","7,574","7,618","7,767","7,840","7,908","7,893","7,985","8,090","8,105","8,168","8,136","8,101","8,195","8,262","8,345","8,383","8,429","8,475","8,540","8,632","8,616","8,691","8,645","8,683","8,751","8,782","8,770","8,894","8,940","9,006","9,032","9,132","9,145","9,150","9,144","9,118","9,262","9,307","9,381","9,398","9,434","9,452","9,503","9,606","9,641","9,675","9,553","9,524","9,680","9,706","9,784","9,782","9,858","9,834","9,847","9,955","9,956","9,998","9,897","9,880","9,960","9,950","9,984","10,066","10,119","10,067","10,132","10,181","10,149","10,207","10,162","10,185","10,235","10,475","10,751","11,122","11,446","10,990","10,829","11,216","11,376","11,311","11,412","11,509","11,567","11,492","11,344","11,353","11,568","11,598","11,570","11,628","11,731","11,680","11,708","11,897","11,942","12,009","11,853","11,695","11,888","11,984","12,049","12,119","12,106","11,987"
3,行動援護,"3,204","3,230","3,156","3,151","3,310","3,296","3,335","3,402","3,564","3,591","3,592","3,694","3,769","3,831","3,738","3,806","3,956","4,042","4,072","4,144","4,388","4,414","4,403","4,399","4,465","4,528","4,530","4,454","4,830","4,982","5,015","5,075","5,352","5,343","5,372","5,451","5,504","5,558","5,444","5,470","5,594","5,638","5,738","5,757","6,082","6,044","5,996","6,082","6,169","6,282","6,205","6,165","6,461","6,348","6,417","6,474","6,770","6,730","6,690","6,782","6,824","6,913","6,730","6,813","7,125","7,022","7,098","7,217","7,463","7,409","7,388","7,519","7,584","7,689","7,523","7,454","7,901","7,829","7,880","7,844","8,164","8,036","8,142","8,121","8,223","8,313","8,132","8,192","8,519","8,483","8,567","8,619","8,911","8,838","8,849","8,969","8,938","9,058","8,921","8,954","9,230","9,522","10,145","10,821","11,439","9,118","8,442","10,282","10,972","10,915","11,035","11,440","11,446","11,159","10,515","10,675","11,334","11,537","10,997","11,335","12,037","11,339","11,412","12,227","12,525","12,644","12,062","11,026","11,930","12,466","12,624","12,904","12,929","12,216"
4,重度障害者等包括支援,26,28,27,27,28,24,24,24,22,23,22,23,23,23,22,22,23,23,26,24,25,25,24,26,23,24,22,23,22,23,24,24,25,25,25,25,25,26,26,26,23,30,35,35,35,34,34,34,34,34,34,33,33,33,33,33,34,33,33,33,33,34,33,34,35,34,34,37,36,38,38,38,37,38,37,37,38,33,32,32,32,31,31,29,29,28,28,27,29,29,29,29,29,30,30,30,30,30,29,29,30,30,35,37,32,34,34,33,34,34,34,34,34,33,34,34,34,34,34,34,35,35,36,36,43,43,43,42,43,46,47,47,47,46
5,同行援護,－,－,－,－,－,－,－,－,－,－,－,－,－,－,－,－,－,－,－,－,－,－,－,－,－,－,－,－,－,－,－,－,－,－,－,－,－,－,－,－,－,－,－,－,－,－,－,"8,299","10,499","11,992","12,253","13,035","13,925","15,654","16,143","16,632","17,218","16,860","17,571","18,634","18,838","18,960","18,315","18,712","19,321","19,837","19,964","20,284","20,372","19,807","20,532","21,014","21,144","21,043","20,472","20,611","21,367","21,570","21,670","21,798","21,828","21,208","22,036","22,338","22,356","22,466","21,602","21,910","22,512","22,638","22,702","23,020","22,894","22,297","23,088","23,671","23,556","23,691","22,808","23,301","23,827","24,256","25,038","25,361","25,985","22,115","21,117","24,120","24,551","23,786","24,446","25,503","25,344","25,042","23,352","23,678","24,913","24,981","23,998","25,052","25,318","24,067","24,357","25,871","25,898","26,060","24,622","24,047","25,458","25,783","25,666","26,067","25,753","24,749"
6,療養介護,"1,963","1,969","1,966","1,962","1,970","1,984","1,964","2,022","2,026","2,026","2,024","2,043","2,050","2,048","2,039","2,042","2,032","2,035","2,034","2,069","2,051","2,070","2,082","2,073","2,079","2,086","2,089","2,084","2,090","2,086","2,097","2,109","2,109","2,119","2,126","2,126","2,132","2,126","2,125","2,125","2,123","2,093","2,095","2,105","2,108","2,119","2,106","2,106","2,117","2,120","2,122","2,119","2,135","18,385","18,742","19,044","18,974","19,013","19,043","19,138","19,133","19,136","19,072","19,117","19,122","19,162","19,246","19,286","19,225","19,278","19,312","19,333","19,324","19,316","19,305","19,267","19,304","19,276","19,440","19,461","19,393","19,377","19,461","19,453","19,452","19,453","19,455","19,446","19,457","19,491","19,599","19,613","19,539","19,596","19,629","19,644","19,660","19,672","19,664","19,665","19,722","19,917","20,217","20,520","20,751","20,937","20,971","20,975","20,857","20,916","20,931","20,935","20,941","20,937","20,897","20,915","20,922","21,022","21,003","20,987","20,870","20,894","20,950","20,925","20,942","20,952","20,943","20,928","20,947","21,037","21,062","21,102","20,949","20,942"
7,生活介護,"45,427","45,924","46,330","46,293","47,596","63,457","64,766","65,338","66,180","66,205","67,290","69,725","70,316","70,787","71,314","71,724","74,042","96,655","99,010","100,206","101,531","101,827","102,871","105,121","106,618","107,821","108,389","108,465","111,207","129,386","131,913","132,879","133,542","134,125","135,142","138,305","139,217","139,833","140,295","140,608","142,816","172,699","175,096","176,398","177,534","178,603","179,737","188,190","190,568","192,177","195,180","196,639","203,393","238,514","240,176","243,200","243,037","243,496","243,524","244,277","244,133","243,950","243,566","243,392","245,221","248,893","250,448","250,529","250,350","250,616","250,947","251,275","251,371","251,506","251,026","250,673","252,336","256,367","257,515","257,606","257,477","257,766","258,327","258,674","258,619","258,769","258,163","258,008","260,169","261,651","264,196","264,631","264,416","264,313","265,015","265,213","264,881","265,244","264,660","264,739","266,446","270,656","276,335","281,822","287,068","288,771","285,570","290,872","291,273","290,489","291,293","292,098","292,089","291,443","290,023","289,517","291,967","294,732","294,388","295,965","295,977","295,273","295,054","296,302","296,520","296,669","295,584","292,075","294,496","298,684","299,589","300,217","299,394","297,665"
8,短期入所,"21,762","21,011","18,679","19,388","21,621","20,727","21,627","21,678","22,971","24,085","22,445","23,597","23,528","22,831","20,656","21,062","23,878","22,826","23,785","24,313","26,087","26,549","25,293","25,059","24,604","23,862","22,819","23,335","26,495","25,832","26,941","27,091","28,928","29,480","28,135","29,074","28,630","28,012","25,677","25,931","27,880","27,675","28,915","29,525","31,334","31,950","30,648","31,575","31,309","30,632","28,270","28,365","31,967","31,087","31,701","32,852","34,287","35,078","33,729","34,459","34,774","33,540","30,508","30,902","35,023","34,411","35,517","36,287","37,770","38,266","37,064","37,875","38,415","37,436","34,557","34,163","38,546","37,561","39,598","40,135","41,539","41,815","40,930","42,280","42,591","40,841","37,537","38,541","43,119","41,789","43,692","44,322","46,012","45,962","45,322","46,715","46,455","44,943","42,375","42,151","46,086","48,348","51,794","54,950","57,075","34,033","27,014","38,267","44,829","43,645","45,440","48,190","48,316","45,143","38,509","38,765","44,098","43,666","41,633","43,213","46,005","42,398","40,732","46,999","48,912","49,537","43,007","34,300","40,407","43,563","46,033","48,517","47,545","41,100"
9,施設入所支援,"15,019","15,306","15,715","15,727","15,891","25,277","25,893","26,207","26,625","26,859","27,125","28,739","29,070","29,211","29,751","29,967","30,917","43,695","45,020","45,644","46,486","46,566","47,086","48,849","49,423","50,221","50,728","50,853","51,940","63,598","65,074","65,659","65,878","66,195","66,838","68,828","69,209","69,531","69,920","70,078","70,892","89,776","91,137","91,874","92,542","93,180","93,768","100,269","101,955","102,820","105,138","106,251","110,682","131,575","132,560","134,532","134,082","134,386","134,359","134,573","134,428","134,218","134,145","134,192","134,247","133,324","133,756","133,620","133,170","133,533","133,481","133,362","133,378","133,243","133,017","132,816","132,777","132,478","132,748","132,716","132,380","132,649","132,629","132,588","132,519","132,435","132,301","132,175","132,296","130,492","131,919","131,890","131,518","131,716","131,845","131,881","131,641","131,679","131,541","131,460","131,565","130,920","129,979","129,065","128,192","127,582","127,620","127,642","127,239","127,350","127,449","127,330","127,220","127,061","126,962","126,708","126,815","125,709","125,967","126,525","126,181","126,332","126,318","126,224","126,187","126,099","125,968","125,712","125,653","125,105","125,331","125,405","124,777","124,909"
10,自立生活援助,-,-,-,-,-,-,-,-,-,-,-,-,-,-,-,-,-,-,-,-,-,-,-,-,-,-,-,-,-,-,-,-,-,-,-,-,-,-,-,-,-,-,-,-,-,-,-,-,-,-,-,-,-,-,-,-,-,-,-,-,-,-,-,-,-,-,-,-,-,-,-,-,-,-,-,-,-,-,-,-,-,-,-,-,-,-,-,-,-,-,-,-,-,-,-,-,-,-,-,-,-,-,-,299,781,922,926,938,932,933,955,952,955,976,971,968,"1,017","1,041","1,097","1,145","1,174","1,174","1,197","1,232","1,250","1,272","1,251","1,263","1,279","1,280","1,265","1,293","1,303","1,321"
11,共同生活援助（介護サービス包括型・旧共同生活介護）,"22,794","22,998","23,253","23,475","23,675","24,824","25,461","25,768","26,178","26,420","26,905","27,230","27,486","27,797","28,033","28,239","28,691","30,350","31,348","31,822","32,148","32,544","32,994","33,348","33,926","34,312","34,689","34,941","35,492","37,363","37,944","38,425","38,869","39,204","39,480","39,754","40,040","40,341","40,543","40,783","41,288","42,972","43,812","44,203","44,507","44,865","45,282","45,493","46,165","46,551","46,939","47,283","48,105","50,305","50,843","52,026","52,348","52,891","53,207","53,663","53,781","54,081","54,219","54,807","55,321","56,243","57,165","57,767","57,955","58,357","58,719","59,170","59,583","59,883","60,176","60,480","60,993","73,044","74,794","75,711","75,952","76,366","76,918","77,384","77,720","78,140","78,422","78,978","79,756","80,466","81,763","82,645","82,683","83,248","83,638","83,987","84,355","84,514","84,779","85,226","85,788","89,452","95,361","102,431","110,266","114,554","115,298","116,562","117,430","118,182","119,088","120,072","120,579","121,238","121,620","122,220","123,573","124,291","125,601","126,749","127,383","128,356","129,252","130,363","131,124","132,040","132,391","132,647","134,025","135,061","136,142","137,167","137,550","138,304"
12,共同生活援助（外部サービス利用型),"18,012","18,059","18,150","18,205","18,352","18,770","18,973","18,982","18,940","19,062","19,175","19,255","19,388","19,460","19,496","19,567","19,703","19,679","19,985","20,143","20,055","20,147","20,225","19,958","20,114","20,226","20,232","20,205","20,491","20,822","20,970","21,179","21,252","21,337","21,504","21,534","21,655","21,813","21,830","21,873","22,035","22,304","22,485","22,645","22,704","22,713","22,882","22,813","23,027","23,181","23,190","23,279","23,761","24,968","25,217","25,530","25,403","25,695","25,802","25,860","25,896","25,901","25,969","26,172","26,408","26,684","26,978","27,097","27,107","27,277","27,284","27,437","27,496","27,541","27,543","27,692","27,904","15,849","15,950","15,862","15,864","15,982","16,058","16,067","16,010","16,083","16,090","16,144","16,256","16,062","16,103","16,113","16,081","16,154","16,207","16,327","16,285","16,273","16,231","16,308","16,500","16,381","16,756","16,338","15,838","15,551","15,506","15,531","15,575","15,586","15,595","15,641","15,595","15,608","15,561","15,613","15,722","15,571","15,593","15,541","15,497","15,486","15,402","15,396","15,401","15,404","15,396","15,308","15,317","15,241","15,227","15,234","15,229","15,157"
13,共同生活援助（日中サービス支援型),-,-,-,-,-,-,-,-,-,-,-,-,-,-,-,-,-,-,-,-,-,-,-,-,-,-,-,-,-,-,-,-,-,-,-,-,-,-,-,-,-,-,-,-,-,-,-,-,-,-,-,-,-,-,-,-,-,-,-,-,-,-,-,-,-,-,-,-,-,-,-,-,-,-,-,-,-,-,-,-,-,-,-,-,-,-,-,-,-,-,-,-,-,-,-,-,-,-,-,-,-,-,-,"2,403","2,329","2,344","2,446","2,567","2,811","2,927","3,087","3,374","3,551","3,752","3,831","3,977","4,177","4,708","4,987","5,182","5,338","5,621","5,858","6,095","6,348","6,743","6,893","7,088","7,346","7,865","8,179","8,562","8,784","9,085"
14,自立訓練（機能訓練）,"2,174","2,188","2,177","2,201","2,237","2,367","2,425","2,431","2,425","2,417","2,498","2,461","2,501","2,491","2,479","2,463","2,527","2,321","2,329","2,404","2,419","2,403","2,435","2,196","2,268","2,254","2,253","2,235","2,289","2,365","2,401","2,456","2,461","2,440","2,496","2,462","2,467","2,431","2,400","2,425","2,447","2,521","2,493","2,559","2,592","2,605","2,620","2,497","2,545","2,530","2,553","2,552","2,620","2,593","2,575","2,688","2,729","2,751","2,767","2,699","2,696","2,650","2,659","2,693","2,722","2,632","2,612","2,601","2,610","2,610","2,633","2,626","2,593","2,553","2,561","2,546","2,554","2,499","2,478","2,473","2,475","2,483","2,513","2,445","2,439","2,443","2,409","2,436","2,435","2,311","2,334","2,343","2,360","2,358","2,373","2,365","2,357","2,330","2,288","2,303","2,300","2,238","2,282",500,"1,421","2,045","1,823","2,115","2,178","2,145","2,194","2,210","2,198","2,159","2,131","2,090","2,154","2,089","2,086","2,124","2,083","2,101","2,081","2,119","2,127","2,123","2,067","2,017","2,067","2,052","2,060","2,091","2,058","2,092"
15,自立訓練（生活訓練）,"5,770","5,803","5,870","5,913","6,121","7,206","7,416","7,474","7,691","7,747","7,879","7,510","7,736","7,785","7,804","7,813","8,017","8,545","8,758","8,875","8,855","8,869","8,937","8,336","8,408","8,475","8,450","8,479","8,752","8,638","8,867","8,908","8,930","8,943","9,013","9,021","8,991","9,056","8,986","9,068","9,166","9,271","9,360","9,560","9,556","9,688","9,761","9,825","9,909","10,034","10,092","10,083","10,559","12,061","12,247","12,563","12,689","12,720","12,842","12,882","12,899","12,960","12,996","13,060","13,207","12,614","12,707","12,827","12,888","12,906","12,912","12,899","12,895","12,957","12,876","12,806","12,950","11,810","11,990","12,055","12,075","12,101","12,179","12,231","12,245","12,225","12,133","12,064","12,254","11,515","11,702","11,840","11,847","11,862","11,908","11,840","11,844","11,915","11,936","11,931","12,102","12,049","12,278","12,265","12,498","12,463","12,386","12,826","12,874","12,811","12,880","12,957","12,878","12,981","12,988","12,927","13,154","13,295","13,388","13,520","13,539","13,526","13,567","13,619","13,638","13,752","13,696","13,541","13,674","13,668","13,828","13,957","13,986","14,031"
16,宿泊型自立訓練,56,57,63,62,65,86,88,86,92,89,76,106,102,94,77,81,92,166,186,190,218,226,304,370,409,411,425,417,458,604,674,702,717,731,713,784,773,787,795,784,848,"1,257","1,292","1,304","1,319","1,353","1,374","1,518","1,552","1,603","1,667","1,705","1,908","4,073","4,107","4,166","4,246","4,265","4,266","4,246","4,280","4,297","4,294","4,295","4,351","4,246","4,239","4,226","4,255","4,231","4,242","4,240","4,213","4,175","4,133","4,150","4,215","3,888","3,893","3,889","3,930","3,935","3,926","3,943","3,934","3,874","3,850","3,827","3,882","3,490","3,452","3,549","3,576","3,590","3,546","3,509","3,497","3,526","3,544","3,567","3,632","3,502","3,480","3,405","3,316","3,239","3,242","3,237","3,204","3,225","3,213","3,189","3,148","3,148","3,132","3,104","3,104","3,046","3,033","3,027","3,030","3,023","3,029","3,002","2,994","3,012","3,009","2,987","3,005","2,955","2,953","2,990","2,991","3,045"
17,就労移行支援,"9,253","9,359","9,564","9,654","10,118","13,371","13,807","13,941","14,374","14,536","14,760","15,009","15,162","15,214","15,333","15,491","15,969","18,000","18,596","18,818","19,084","19,019","19,055","18,266","18,518","18,707","18,750","18,638","19,292","19,832","20,064","20,143","20,160","20,305","20,317","20,039","20,014","19,966","19,950","19,986","20,413","21,280","21,538","21,828","21,829","21,929","22,174","22,378","22,503","22,500","22,541","22,620","23,555","25,359","25,667","25,987","26,075","26,136","26,135","26,184","26,142","25,945","25,860","25,792","26,426","26,237","26,658","26,550","26,738","26,986","27,126","27,045","27,133","27,093","26,991","26,970","27,702","27,744","28,248","28,340","28,467","28,575","28,650","28,662","28,621","28,529","28,493","28,637","29,626","29,634","30,086","30,656","31,016","31,514","31,030","31,040","30,953","30,580","30,376","30,425","31,030","31,991","33,637","34,170","34,045","33,619","33,418","34,258","35,036","35,589","35,424","35,252","35,217","34,881","34,645","34,554","35,066","35,716","36,029","36,114","36,417","36,604","35,827","35,636","35,525","35,105","34,877","34,594","34,836","35,569","35,936","35,974","36,291","36,791"
18,就労移行支援（養成施設）,276,275,272,271,118,235,238,233,227,176,224,221,222,222,221,220,110,195,194,199,195,163,190,187,190,186,186,185,165,213,221,223,220,202,218,214,214,211,209,205,190,207,210,206,204,148,201,199,197,196,194,194,161,255,255,254,251,248,247,246,243,241,239,238,181,204,204,203,203,199,199,199,199,197,195,194,138,202,200,200,199,185,194,189,187,186,185,185,134,157,172,171,168,169,169,134,162,161,160,159,153,163,134,128,115,64,95,112,112,109,108,107,107,107,106,104,71,106,106,106,106,102,104,102,99,99,98,98,92,80,79,80,80,79
19,就労継続支援Ａ型,"3,401","3,445","3,587","3,622","3,696","4,620","4,856","4,946","5,116","5,213","5,333","5,549","5,641","5,710","5,809","5,943","6,168","6,823","7,171","7,342","7,494","7,654","7,815","7,900","8,233","8,356","8,574","8,570","8,948","9,814","10,128","10,464","10,780","10,982","11,177","11,590","11,933","12,234","12,485","12,731","13,104","14,198","14,677","15,245","15,701","15,957","16,274","16,703","17,192","17,614","18,068","18,486","19,333","20,742","21,429","22,172","22,874","23,395","23,917","24,431","25,028","25,460","25,933","26,351","27,404","28,724","29,483","30,144","30,881","31,491","32,277","33,213","33,919","34,604","35,166","35,705","36,730","38,377","39,475","40,372","41,232","41,910","42,799","43,680","44,410","45,055","45,775","46,446","47,733","49,340","50,421","51,595","52,135","52,660","53,293","53,720","54,581","55,279","55,736","56,409","57,527","62,532","68,400","69,542","71,214","72,187","72,354","73,180","73,234","73,555","74,040","74,524","75,088","75,482","75,571","75,870","76,726","77,307","77,566","78,069","77,965","77,965","78,082","77,975","78,403","78,710","78,695","78,746","79,592","80,372","80,852","81,443","81,735","82,186"
20,就労継続支援Ｂ型,"28,340","28,503","29,186","29,426","30,446","40,613","41,988","42,442","43,349","43,678","44,627","47,020","47,842","48,576","49,265","49,617","51,514","64,515","67,168","68,563","69,385","69,967","70,351","71,808","72,789","74,121","75,169","74,761","77,179","89,900","91,183","92,911","93,597","93,717","95,060","97,472","98,696","99,432","99,971","100,599","102,521","119,524","121,493","122,649","123,626","124,644","126,134","127,706","130,783","131,741","133,377","134,457","138,644","153,165","154,944","159,098","159,374","159,706","160,962","162,768","163,233","162,150","162,639","164,182","166,361","171,445","173,918","174,173","174,763","175,132","176,327","175,352","175,899","178,250","178,624","178,395","180,895","185,955","187,661","188,592","188,861","189,305","190,979","190,156","189,972","192,574","192,992","193,508","196,019","197,385","200,933","202,578","201,410","202,855","203,123","205,687","205,821","206,965","206,837","207,466","209,621","218,217","233,558","249,893","265,130","271,777","270,569","276,475","277,276","277,352","279,500","281,610","282,430","283,024","282,409","282,678","286,833","290,559","291,376","294,107","294,932","295,161","296,638","299,652","301,481","302,782","302,545","300,565","304,949","310,084","312,260","315,359","315,929","316,239"
21,就労定着支援,-,-,-,-,-,-,-,-,-,-,-,-,-,-,-,-,-,-,-,-,-,-,-,-,-,-,-,-,-,-,-,-,-,-,-,-,-,-,-,-,-,-,-,-,-,-,-,-,-,-,-,-,-,-,-,-,-,-,-,-,-,-,-,-,-,-,-,-,-,-,-,-,-,-,-,-,-,-,-,-,-,-,-,-,-,-,-,-,-,-,-,-,-,-,-,-,-,-,-,-,-,-,-,"3,176","9,527",10568,11003,11775,12084,12164,12536,12756,12624,12960,12657,12835,13382,13141,13223,13533,13508,13304,13478,13826,13939,14202,14028,13866,14544,14378,14510,14847,14555,14503
22,旧身体障害者更生施設支援（入所）,"3,443","3,421","3,408","3,421","3,440","2,984","2,971","2,967","2,956","2,933","2,940","2,882","2,870","2,859","2,860","2,882","2,847","2,117","2,103","2,106","2,103","2,087","2,094","2,084","2,048","2,081","2,068","1,994","2,086","1,683","1,676","1,669","1,615","1,579","1,621","1,510","1,520","1,519","1,481","1,501","1,509",882,874,867,857,859,853,768,764,718,703,681,576,-,-,-,-,-,-,-,-,-,-,-,-,-,-,-,-,-,-,-,-,-,-,-,-,-,-,-,-,-,-,-,-,-,-,-,-,-,-,-,-,-,-,-,-,-,-,-,-,-,-,,,-,-,-,-,-,-,-,-,-,-,-,-,-,-,-,-,-,-,-,-,-,-,-,-,-,-,-,-,-
23,旧身体障害者更生施設支援（通所）,372,373,370,376,371,339,322,342,351,352,359,366,366,376,374,377,383,265,268,274,273,287,285,287,275,283,286,271,284,212,208,208,204,194,197,171,171,174,179,173,177,140,138,139,137,135,136,140,137,127,123,122,114,-,-,-,-,-,-,-,-,-,-,-,-,-,-,-,-,-,-,-,-,-,-,-,-,-,-,-,-,-,-,-,-,-,-,-,-,-,-,-,-,-,-,-,-,-,-,-,-,-,-,,,-,-,-,-,-,-,-,-,-,-,-,-,-,-,-,-,-,-,-,-,-,-,-,-,-,-,-,-,-
24,旧身体障害者療護施設支援（入所）,"24,131","24,125","24,048","24,034","24,032","21,758","21,742","21,642","21,600","21,646","21,641","21,347","21,258","21,103","20,871","20,785","20,312","16,858","16,928","16,952","16,473","16,425","16,251","15,565","15,609","15,547","15,533","15,355","15,281","11,446","11,353","11,231","10,912","10,928","10,798","10,169","10,148","10,078","9,957","9,950","9,809","6,955","6,710","6,417","6,251","6,251","6,197","5,007","4,732","4,393","4,089","3,813","3,089",-,-,-,-,-,-,-,-,-,-,-,-,-,-,-,-,-,-,-,-,-,-,-,-,-,-,-,-,-,-,-,-,-,-,-,-,-,-,-,-,-,-,-,-,-,-,-,-,-,-,,,-,-,-,-,-,-,-,-,-,-,-,-,-,-,-,-,-,-,-,-,-,-,-,-,-,-,-,-,-
25,旧身体障害者療護施設支援（通所）,906,897,905,896,909,845,863,874,861,854,859,813,777,789,779,778,778,682,713,714,697,682,674,596,601,591,592,580,570,475,471,470,463,461,461,417,417,414,411,410,401,278,229,232,234,234,232,190,165,139,110,92,81,-,-,-,-,-,-,-,-,-,-,-,-,-,-,-,-,-,-,-,-,-,-,-,-,-,-,-,-,-,-,-,-,-,-,-,-,-,-,-,-,-,-,-,-,-,-,-,-,-,-,,,-,-,-,-,-,-,-,-,-,-,-,-,-,-,-,-,-,-,-,-,-,-,-,-,-,-,-,-,-
26,旧身体障害者授産施設支援（入所）,"7,626","7,612","7,481","7,468","7,458","6,651","6,613","6,553","6,437","6,418","6,374","6,255","6,189","6,153","6,136","6,149","6,073","5,081","5,044","5,014","4,993","5,004","4,992","4,684","4,740","4,586","4,643","4,483","4,515","3,660","3,643","3,629","3,576","3,577","3,584","3,402","3,279","3,108","3,033","3,030","2,951","1,877","1,866","1,849","1,823","1,773","1,743","1,362","1,334","1,306","1,232","1,211","1,023",-,-,-,-,-,-,-,-,-,-,-,-,-,-,-,-,-,-,-,-,-,-,-,-,-,-,-,-,-,-,-,-,-,-,-,-,-,-,-,-,-,-,-,-,-,-,-,-,-,-,,,-,-,-,-,-,-,-,-,-,-,-,-,-,-,-,-,-,-,-,-,-,-,-,-,-,-,-,-,-
27,旧身体障害者授産施設支援（通所）,"6,977","6,974","6,842","6,832","6,855","5,979","5,975","5,917","5,917","5,907","5,910","5,693","5,689","5,633","5,595","5,578","5,535","4,657","4,640","4,657","4,666","4,665","4,684","4,509","4,522","4,565","4,554","4,470","4,419","3,664","3,658","3,641","3,614","3,613","3,594","3,476","3,432","3,423","3,314","3,273","3,321","2,413","2,419","2,415","2,407","2,387","2,314","2,075","1,859","1,759","1,602","1,580","1,406",-,-,-,-,-,-,-,-,-,-,-,-,-,-,-,-,-,-,-,-,-,-,-,-,-,-,-,-,-,-,-,-,-,-,-,-,-,-,-,-,-,-,-,-,-,-,-,-,-,-,,,-,-,-,-,-,-,-,-,-,-,-,-,-,-,-,-,-,-,-,-,-,-,-,-,-,-,-,-,-
28,旧知的障害者更生施設支援（入所）,"81,517","81,328","81,085","81,070","80,753","74,801","74,346","74,249","73,885","73,751","73,746","72,447","72,416","72,308","71,776","71,847","71,327","61,265","61,277","61,167","60,601","60,419","60,434","57,602","57,790","57,873","57,233","56,903","56,665","48,312","48,169","48,007","47,583","47,597","47,328","45,980","45,579","45,454","45,078","44,970","44,369","29,487","29,082","28,642","28,057","27,740","27,392","22,386","21,287","20,532","18,833","18,061","15,495",-,-,-,-,-,-,-,-,-,-,-,-,-,-,-,-,-,-,-,-,-,-,-,-,-,-,-,-,-,-,-,-,-,-,-,-,-,-,-,-,-,-,-,-,-,-,-,-,-,-,,,-,-,-,-,-,-,-,-,-,-,-,-,-,-,-,-,-,-,-,-,-,-,-,-,-,-,-,-,-
29,旧知的障害者更生施設支援（通所）,"20,586","20,378","20,213","20,106","20,245","17,559","17,442","17,466","17,307","17,219","17,250","17,001","16,849","16,943","16,726","16,766","16,859","13,481","13,593","13,587","13,296","13,240","13,260","12,725","12,574","12,689","12,539","12,474","12,465","11,224","11,163","11,197","11,157","11,060","11,066","10,648","10,387","10,356","10,113","10,081","10,056","6,372","6,360","6,268","6,190","6,083","6,007","5,077","4,969","4,827","4,488","4,190","3,840",-,-,-,-,-,-,-,-,-,-,-,-,-,-,-,-,-,-,-,-,-,-,-,-,-,-,-,-,-,-,-,-,-,-,-,-,-,-,-,-,-,-,-,-,-,-,-,-,-,-,,,-,-,-,-,-,-,-,-,-,-,-,-,-,-,-,-,-,-,-,-,-,-,-,-,-,-,-,-,-
30,旧知的障害者授産施設支援（入所）,"10,197","10,174","10,170","10,139","10,118","9,247","9,245","9,235","9,163","9,184","9,095","8,980","8,963","8,934","8,906","8,898","8,790","8,030","7,972","7,886","7,779","7,777","7,765","7,708","7,655","7,729","7,677","7,536","7,693","6,965","7,049","7,041","7,016","7,025","6,995","6,975","6,942","6,916","6,923","6,897","6,874","5,533","5,510","5,469","5,301","5,263","5,177","4,577","4,347","4,204","3,985","3,779","2,912",-,-,-,-,-,-,-,-,-,-,-,-,-,-,-,-,-,-,-,-,-,-,-,-,-,-,-,-,-,-,-,-,-,-,-,-,-,-,-,-,-,-,-,-,-,-,-,-,-,-,,,-,-,-,-,-,-,-,-,-,-,-,-,-,-,-,-,-,-,-,-,-,-,-,-,-,-,-,-,-
31,旧知的障害者授産施設支援（通所）,"51,928","51,836","51,517","51,337","51,210","46,992","46,796","47,109","46,411","46,298","46,350","45,622","45,346","45,464","44,885","44,802","44,555","37,364","37,498","37,542","37,230","37,104","37,134","36,376","36,511","36,554","36,305","36,079","36,013","31,615","31,533","31,391","31,211","31,145","31,048","30,626","30,165","30,073","29,889","29,758","29,322","20,029","19,871","19,669","19,311","19,020","18,425","16,752","15,818","15,310","14,138","13,641","11,815",-,-,-,-,-,-,-,-,-,-,-,-,-,-,-,-,-,-,-,-,-,-,-,-,-,-,-,-,-,-,-,-,-,-,-,-,-,-,-,-,-,-,-,-,-,-,-,-,-,-,,,-,-,-,-,-,-,-,-,-,-,-,-,-,-,-,-,-,-,-,-,-,-,-,-,-,-,-,-,-
32,旧知的障害者通勤寮支援,"2,460","2,465","2,461","2,446","2,482","2,380","2,304","2,314","2,295","2,301","2,298","2,204","2,243","2,229","2,212","2,215","2,252","2,194","2,109","2,133","2,123","2,116","2,086","1,981","1,942","1,975","1,974","1,955","2,015","1,739","1,726","1,717","1,690","1,693","1,682","1,682","1,671","1,669","1,663","1,648","1,667","1,456","1,343","1,325","1,301","1,293","1,259","1,172","1,148","1,056","1,012","1,012",961,-,-,-,-,-,-,-,-,-,-,-,-,-,-,-,-,-,-,-,-,-,-,-,-,-,-,-,-,-,-,-,-,-,-,-,-,-,-,-,-,-,-,-,-,-,-,-,-,-,-,,,-,-,-,-,-,-,-,-,-,-,-,-,-,-,-,-,-,-,-,-,-,-,-,-,-,-,-,-,-
33,児童デイサービス,"35,050","35,663","35,977","36,248","37,967","33,775","34,636","36,152","38,516","37,439","38,785","39,632","40,065","41,236","41,331","41,492","42,464","38,363","39,689","41,878","44,338","43,650","44,683","45,165","46,208","47,389","48,500","48,626","50,059","46,100","48,571","50,960","53,954","53,497","55,162","56,479","57,709","59,031","59,690","60,118","60,539","56,460","59,654","62,511","66,036","65,844","67,408","69,364","71,428","73,214","73,879","74,037","77,191",-,-,-,-,-,-,-,-,-,-,-,-,-,-,-,-,-,-,-,-,-,-,-,-,-,-,-,-,-,-,-,-,-,-,-,-,-,-,-,-,-,-,-,-,-,-,-,-,-,-,,,-,-,-,-,-,-,-,-,-,-,-,-,-,-,-,-,-,-,-,-,-,-,-,-,-,-,-,-,-
34,児童発達支援,-,-,-,-,-,-,-,-,-,-,-,-,-,-,-,-,-,-,-,-,-,-,-,-,-,-,-,-,-,-,-,-,-,-,-,-,-,-,-,-,-,-,-,-,-,-,-,-,-,-,-,-,-,"31,416","35,102","38,647","42,891","44,004","47,170","50,050","52,054","53,591","55,257","56,775","57,929","47,997","51,648","53,985","56,310","56,010","58,963","60,806","62,558","63,788","64,833","65,328","65,980","53,790","58,090","61,028","63,529","63,513","67,008","68,831","70,373","71,972","73,176","74,188","75,011","60,391","64,290","67,986","70,476","70,530","73,913","76,657","78,810","80,173","81,524","82,899","83,678","82,888","92,657","102,907","111,792","89,848","90,651","106,523","111,654","114,366","119,305","124,062","128,011","131,381","133,830","136,586","139,978","110,924","116,858","123,036","128,078","129,938","134,183","140,793","145,284","149,458","151,389","150,961","156,166","122,299","129,355","135,658","140,865","143,241"
35,医療型児童発達支援,-,-,-,-,-,-,-,-,-,-,-,-,-,-,-,-,-,-,-,-,-,-,-,-,-,-,-,-,-,-,-,-,-,-,-,-,-,-,-,-,-,-,-,-,-,-,-,-,-,-,-,-,-,"2,360","2,462","2,696","2,764","2,765","2,815","2,914","2,925","2,916","2,951","2,983","3,011","2,344","2,424","2,470","2,539","2,501","2,557","2,612","2,625","2,647","2,656","2,672","2,676","2,234","2,300","2,346","2,378","2,363","2,467","2,509","2,520","2,538","2,548","2,588","2,623","2,232","2,316","2,404","2,434","2,420","2,459","2,516","2,540","2,560","2,552","2,594","2,611","2,393","2,308","2,218","1,986","1,152","1,147","1,644","1,687","1,685","1,750","1,800","1,824","1,818","1,818","1,843","1,886","1,548","1,598","1,677","1,681","1,681","1,688","1,766","1,798","1,807","1,783","1,729","1,810","1,468","1,535","1,586","1,578","1,552"
36,放課後等デイサービス,-,-,-,-,-,-,-,-,-,-,-,-,-,-,-,-,-,-,-,-,-,-,-,-,-,-,-,-,-,-,-,-,-,-,-,-,-,-,-,-,-,-,-,-,-,-,-,-,-,-,-,-,-,"51,678","51,883","53,860","55,404","54,518","53,582","53,272","53,113","54,539","53,427","52,981","54,819","60,503","61,708","63,617","68,181","67,806","67,697","68,755","69,789","71,930","71,489","70,955","73,985","79,680","81,133","83,356","88,466","87,870","88,211","89,120","90,216","92,437","92,525","92,323","94,978","102,288","104,097","106,322","111,748","111,123","111,847","113,393","114,262","116,954","117,057","116,802","120,052","140,442","170,844","201,803","226,610","228,220","216,057","240,509","245,767","246,461","246,945","248,697","249,628","250,967","248,247","247,851","252,104","269,635","269,284","272,127","278,514","272,443","270,173","276,714","278,458","281,943","278,735","268,145","276,793","299,425","300,494","303,378","308,415","301,837"
37,居宅訪問型児童発達支援,-,-,-,-,-,-,-,-,-,-,-,-,-,-,-,-,-,-,-,-,-,-,-,-,-,-,-,-,-,-,-,-,-,-,-,-,-,-,-,-,-,-,-,-,-,-,-,-,-,-,-,-,-,-,-,-,-,-,-,-,-,-,-,-,-,-,-,-,-,-,-,-,-,-,-,-,-,-,-,-,-,-,-,-,-,-,-,-,-,-,-,-,-,-,-,-,-,-,-,-,-,-,-,28,107,96,89,140,172,182,194,202,207,216,230,232,254,218,213,262,266,264,250,286,283,300,278,272,303,274,296,304,316,297
38,保育所等訪問支援,-,-,-,-,-,-,-,-,-,-,-,-,-,-,-,-,-,-,-,-,-,-,-,-,-,-,-,-,-,-,-,-,-,-,-,-,-,-,-,-,-,-,-,-,-,-,-,-,-,-,-,-,-,53,113,249,350,258,461,556,608,530,540,680,550,477,864,"1,022","1,085",589,"1,153","1,220","1,347","1,149","1,166","1,288","1,155",985,"1,481","1,784","1,740",981,"1,910","1,874","1,886","1,676","1,653","1,954","1,670","1,225","2,081","2,714","2,406","1,319","2,544","2,636","2,631","2,400","2,245","2,749","2,358","3,036","3,619","4,686","6,166","2,135","2,573","6,388","8,793","5,421","9,010","9,624","9,817","9,236","8,159","9,056","8,894","6,328","8,723","11,441","11,424","4,908","8,939","12,999","13,932","13,247","9,770","8,639","10,434","8,365","13,299","16,297","13,841","6,806"
39,障害児入所支援,-,-,-,-,-,-,-,-,-,-,-,-,-,-,-,-,-,-,-,-,-,-,-,-,-,-,-,-,-,-,-,-,-,-,-,-,-,-,-,-,-,-,-,-,-,-,-,-,-,-,-,-,-,"1,654","1,705","1,863","1,806","1,833","1,899","1,911","1,935","1,942","1,955","1,955","1,981","1,861","1,868","1,876","1,823","1,859","1,870","1,899","1,904","1,899","1,910","1,908","1,918","1,722","1,759","1,765","1,717","1,762","1,759","1,775","1,782","1,798","1,817","1,822","1,844","1,610","1,653","1,664","1,617","1,658","1,697","1,708","1,712","1,720","1,711","1,723","1,731","1,631","1,575","1,554","1,460","1,323","1,338","1,362","1,328","1,387","1,398","1,410","1,405","1,416","1,408","1,416","1,421","1,291","1,303","1,330","1,295","1,327","1,341","1,342","1,351","1,380","1,386","1,383","1,398","1,274","1,291","1,310","1,278","1,299"
40,医療型障害児入所支援,-,-,-,-,-,-,-,-,-,-,-,-,-,-,-,-,-,-,-,-,-,-,-,-,-,-,-,-,-,-,-,-,-,-,-,-,-,-,-,-,-,-,-,-,-,-,-,-,-,-,-,-,-,"1,963","2,026","2,099","2,041","2,114","2,124","2,173","2,219","2,186","2,163","2,161","2,190","1,966","2,023","2,072","2,051","2,092","2,084","2,115","2,117","2,110","2,059","2,074","2,105","1,945","1,974","2,029","2,049","2,100","2,101","2,194","2,184","2,157","2,133","2,145","2,148","1,909","1,962","2,021","2,049","2,121","2,096","2,120","2,125","2,078","2,080","2,100","2,118","2,039","2,033","1,982","1,929","1,734","1,696","1,766","1,776","1,826","1,854","1,892","1,912","1,858","1,829","1,838","1,871","1,688","1,693","1,734","1,742","1,797","1,801","1,845","1,833","1,814","1,821","1,785","1,821","1,637","1,695","1,746","1,718","1,731"
41,計画相談支援（旧指定相談支援）,-,-,-,-,-,-,-,-,"1,975","2,032","2,100","2,161","2,224","2,281","2,286","2,316","2,380","2,430","2,525","2,627","2,719","2,777","2,860","2,931","2,905","3,024","3,028","3,051","3,116","3,080","3,186","3,250","3,269","3,324","3,351","3,379","3,399","3,458","3,517","3,557","3,630","3,685","3,765","3,825","3,844","3,875","3,890","3,903","3,979","4,072","4,118","4,167","4,298","4,611","5,389","7,166","9,217","10,362","12,578","15,197","15,920","17,583","18,541","19,797","26,237","31,913","30,712","35,731","36,595","34,430","42,127","43,004","41,940","47,681","46,441","47,233","63,681","67,991","61,514","70,453","75,546","67,808","84,878","79,519","74,956","86,406","81,353","83,887","117,411","114,026","91,712","106,397","105,167","92,913","117,436","103,804","96,093","108,810","98,333","100,237","136,091","117,060","126,774","146,926","172,955","198,130","180,294","204,286","190,116","185,695","223,876","192,913","185,992","210,351","189,341","189,573","229,258","216,667","199,312","221,653","207,066","202,082","236,809","206,593","201,715","223,308","202,337","200,862","238,152","227,858","211,601","233,550","216,526","212,312"
42,地域移行支援,-,-,-,-,-,-,-,-,-,-,-,-,-,-,-,-,-,-,-,-,-,-,-,-,-,-,-,-,-,-,-,-,-,-,-,-,-,-,-,-,-,-,-,-,-,-,-,-,-,-,-,-,-,216,255,335,375,403,467,462,468,488,511,516,547,471,501,504,510,518,531,511,509,525,503,503,512,458,471,488,454,464,486,495,483,484,502,494,500,448,438,457,478,466,456,475,483,496,484,468,495,516,562,649,731,457,471,606,643,641,664,652,658,630,554,513,547,524,510,549,573,536,527,561,589,606,551,443,490,508,555,567,564,526
43,地域定着支援,-,-,-,-,-,-,-,-,-,-,-,-,-,-,-,-,-,-,-,-,-,-,-,-,-,-,-,-,-,-,-,-,-,-,-,-,-,-,-,-,-,-,-,-,-,-,-,-,-,-,-,-,-,283,384,510,672,753,848,918,986,"1,065","1,164","1,228","1,282","1,291","1,389","1,416","1,434","1,488","1,512","1,567","1,582","1,635","1,686","1,730","1,767","1,785","1,873","1,886","1,892","1,951","1,992","2,044","2,079","2,068","2,103","2,138","2,167","2,143","2,155","2,196","2,188","2,212","2,212","2,232","2,267","2,313","2,363","2,391","2,419","2,610","2,899","3,163","3,379","3,526","3,593","3,659","3,701","3,739","3,786","3,808","3,845","3,851","3,838","3,882","3,933","3,892","3,966","4,015","4,013","4,018","4,024","4,055","4,074","4,090","4,079","4,076","4,050","3,995","3,991","3,988","3,998","3,991"
44,障害児相談支援,-,-,-,-,-,-,-,-,-,-,-,-,-,-,-,-,-,-,-,-,-,-,-,-,-,-,-,-,-,-,-,-,-,-,-,-,-,-,-,-,-,-,-,-,-,-,-,-,-,-,-,-,-,365,380,876,"1,410","1,626","2,022","2,257","2,214","2,619","2,585","2,643","4,532","7,664","6,228","7,730","8,083","6,614","9,079","8,090","7,215","8,639","7,587","7,125","12,542","17,727","12,795","15,170","16,103","13,142","19,633","16,371","14,647","16,933","15,181","14,960","26,739","34,628","22,273","26,601","27,476","21,523","33,251","25,983","22,574","26,838","22,220","22,240","36,503","33,740","40,226","48,458","55,515","80,678","57,217","65,248","60,650","55,659","78,220","58,383","56,377","64,264","56,514","54,662","80,972","91,189","67,412","76,341","70,112","64,680","87,954","66,419","64,947","73,029","63,828","61,430","90,617","99,084","75,579","85,079","76,400","71,333"